epoch,time,train/box_loss,train/seg_loss,train/cls_loss,train/dfl_loss,metrics/precision(B),metrics/recall(B),metrics/mAP50(B),metrics/mAP50-95(B),metrics/precision(M),metrics/recall(M),metrics/mAP50(M),metrics/mAP50-95(M),val/box_loss,val/seg_loss,val/cls_loss,val/dfl_loss,lr/pg0,lr/pg1,lr/pg2
1,5.13628,2.59239,4.74206,4.857,2.45048,0.71508,0.125,0.2094,0.09868,0.71508,0.125,0.24251,0.05093,2.16794,1.51842,3.62491,2.33044,6.664e-05,6.664e-05,6.664e-05
2,10.8736,1.86875,1.50907,3.18841,1.79536,0.10596,0.06705,0.06213,0.0257,0.16389,0.21591,0.14704,0.03595,2.14207,2.29258,13.5301,2.24143,0.000141374,0.000141374,0.000141374
3,16.6298,1.75831,1.18124,2.58521,1.75053,0.03408,0.15909,0.02694,0.01079,0.0438,0.25,0.06444,0.01931,2.15244,1.45883,inf,2.36559,0.000215859,0.000215859,0.000215859
4,22.3632,1.63006,1.04409,2.43673,1.6374,0.25728,0.30523,0.07066,0.02924,0.14679,0.39773,0.09446,0.03954,2.02931,1.47889,119.487,2.25611,0.000290094,0.000290094,0.000290094
5,28.0454,1.62826,1.04743,2.29554,1.66996,0.0484,0.29545,0.07575,0.02616,0.0452,0.20455,0.07674,0.0332,2.88898,2.25793,inf,3.54509,0.000364079,0.000364079,0.000364079
6,33.8077,1.70399,1.11392,2.30106,1.72072,0.0034,0.04545,0.00164,0.00104,0.00504,0.21591,0.00278,0.00137,2.42042,2.01278,inf,2.72504,0.000437815,0.000437815,0.000437815
7,39.5265,1.61482,1.04617,2.24252,1.72771,0.00196,0.15909,0.00115,0.0006,0.00167,0.13636,0.00096,0.00051,2.53433,7.72142,inf,3.09583,0.000511301,0.000511301,0.000511301
8,45.3193,1.6014,1.11899,2.22166,1.68985,0,0,0,0,0,0,0,0,3.78291,140.176,inf,8.36735,0.000584537,0.000584537,0.000584537
9,51.0718,1.55224,1.12971,2.1878,1.59927,0.09527,0.45455,0.19856,0.03914,0.36806,0.29545,0.24407,0.08479,2.78423,2.06815,44.9383,3.39546,0.000657524,0.000657524,0.000657524
10,56.7956,1.63804,1.08171,2.01748,1.66593,0.11594,0.52273,0.14705,0.04081,0.14076,0.54545,0.21662,0.0667,2.35311,2.04147,24.955,2.8563,0.000730261,0.000730261,0.000730261
11,62.513,1.6225,1.07167,2.04588,1.68521,0.11394,0.43182,0.14227,0.03733,0.42148,0.38636,0.26031,0.08435,2.48068,1.56886,13.3153,3.27704,0.000802748,0.000802748,0.000802748
12,68.2095,1.62971,1.12151,2.08184,1.67928,0.52054,0.09091,0.09593,0.02835,0.54861,0.13636,0.13362,0.03982,2.68771,1.93315,4.22176,3.02011,0.000817744,0.000817744,0.000817744
13,73.8836,1.59154,1.07124,1.92053,1.64062,0.1639,0.25,0.16565,0.05576,0.12303,0.20455,0.1293,0.03877,2.40199,2.41598,4.76446,2.96949,0.000816357,0.000816357,0.000816357
14,79.5852,1.53953,1.00784,1.8582,1.60264,0.07279,0.06818,0.04182,0.01191,0.11892,0.2855,0.09418,0.02063,3.0728,3.06086,13.8009,3.51629,0.00081497,0.00081497,0.00081497
15,85.2893,1.54881,1.03092,1.83288,1.5975,0.3156,0.32955,0.13756,0.04846,0.44097,0.14553,0.21049,0.07087,2.44291,1.6948,4.01718,2.64321,0.000813583,0.000813583,0.000813583
16,91.0211,1.50526,1.01036,1.83547,1.59933,0.46097,0.36364,0.2183,0.07107,0.47719,0.36364,0.24887,0.09773,2.09114,1.26825,3.30677,2.3626,0.000812196,0.000812196,0.000812196
17,97.1234,1.53203,0.98517,1.78133,1.57541,0.28924,0.36002,0.34393,0.10336,0.40356,0.49468,0.43764,0.13875,2.15594,1.33237,3.20111,2.30262,0.000810809,0.000810809,0.000810809
18,103.108,1.49188,0.97531,1.66572,1.53123,0.2218,0.52273,0.2012,0.06408,0.21848,0.44318,0.24159,0.06558,2.35156,2.28368,3.66735,2.60006,0.000809422,0.000809422,0.000809422
19,108.84,1.49371,1.03885,1.65313,1.50736,0.13094,0.45955,0.20484,0.07249,0.22589,0.48103,0.32077,0.11264,2.07851,1.15835,3.63749,2.2817,0.000808035,0.000808035,0.000808035
20,114.572,1.4654,0.97724,1.64768,1.53282,0.13901,0.58417,0.28155,0.08777,0.17703,0.63636,0.33033,0.11389,2.16127,1.20477,3.50289,2.46491,0.000806648,0.000806648,0.000806648
21,120.32,1.4559,0.99049,1.59648,1.50703,0.14405,0.39773,0.27701,0.08431,0.76947,0.31818,0.51176,0.16557,2.29119,1.15882,3.19299,2.53916,0.000805261,0.000805261,0.000805261
22,126.409,1.3942,0.93212,1.57746,1.45182,0.37102,0.40909,0.33433,0.14649,0.45027,0.52273,0.51198,0.15228,2.15578,1.18544,3.35634,2.59608,0.000803874,0.000803874,0.000803874
23,132.498,1.34757,0.90371,1.55018,1.44924,0.18522,0.40139,0.25125,0.1027,0.65586,0.32443,0.34719,0.11941,1.98775,1.05703,3.11851,2.19923,0.000802487,0.000802487,0.000802487
24,138.236,1.43328,0.96392,1.63232,1.52934,0.18068,0.57955,0.25212,0.07443,0.451,0.31091,0.30185,0.11789,1.99311,1.0913,3.5853,2.21069,0.0008011,0.0008011,0.0008011
25,143.998,1.33201,0.9242,1.46136,1.43617,0.25317,0.34091,0.2913,0.10569,0.23969,0.36492,0.31748,0.1353,2.05662,1.0982,2.39366,2.2893,0.000799713,0.000799713,0.000799713
26,149.761,1.33876,0.92976,1.60261,1.47877,0.27576,0.65909,0.28439,0.11173,0.32797,0.70867,0.50408,0.18332,2.11248,0.96365,2.52977,2.36987,0.000798326,0.000798326,0.000798326
27,155.513,1.3243,0.90894,1.52612,1.47354,0.5586,0.375,0.25557,0.1011,0.47309,0.31818,0.27547,0.11211,1.92168,1.22411,3.01965,2.20416,0.000796939,0.000796939,0.000796939
28,161.289,1.30913,0.87296,1.43031,1.42414,0.12283,0.48864,0.2728,0.0644,0.31147,0.57955,0.43315,0.15232,2.22905,0.93798,3.1978,2.60968,0.000795552,0.000795552,0.000795552
29,167.069,1.31261,0.94742,1.45198,1.44804,0.21612,0.375,0.34006,0.10803,0.32753,0.72262,0.52052,0.20107,2.13497,0.94362,2.35997,2.37886,0.000794166,0.000794166,0.000794166
30,173.194,1.30193,0.93656,1.42143,1.41781,0.27794,0.45455,0.30134,0.12343,0.36189,0.50714,0.38756,0.14664,2.08402,1.07953,2.48292,2.4371,0.000792779,0.000792779,0.000792779
31,178.948,1.2922,0.8953,1.37347,1.38906,0.4418,0.57892,0.34124,0.1467,0.49424,0.50014,0.45163,0.18761,2.06871,1.03749,2.20659,2.47652,0.000791392,0.000791392,0.000791392
32,185.088,1.34994,0.90104,1.46635,1.45607,0.21535,0.29545,0.23123,0.09033,0.31822,0.36364,0.38056,0.13576,2.1032,1.06652,2.38843,2.37412,0.000790005,0.000790005,0.000790005
33,190.768,1.27371,0.8613,1.37328,1.37018,0.18957,0.31818,0.19192,0.06826,0.351,0.52273,0.4465,0.12911,2.2223,1.05059,2.39749,2.51364,0.000788618,0.000788618,0.000788618
34,196.526,1.17978,0.86992,1.28816,1.34767,0.34329,0.51136,0.38544,0.12912,0.44726,0.55682,0.50791,0.19422,2.13724,1.04912,2.11181,2.50705,0.000787231,0.000787231,0.000787231
35,202.465,1.22212,0.91459,1.28381,1.39259,0.31344,0.43182,0.30635,0.11119,0.53688,0.39345,0.43005,0.17354,2.14674,1.02302,2.29698,2.4572,0.000785844,0.000785844,0.000785844
36,208.23,1.21376,0.91115,1.30148,1.3755,0.33603,0.38636,0.33777,0.11032,0.45813,0.47235,0.46905,0.16354,2.14166,1.00324,2.21194,2.34869,0.000784457,0.000784457,0.000784457
37,214.021,1.22864,0.87918,1.31242,1.35382,0.36754,0.45983,0.35118,0.11848,0.41263,0.49525,0.4288,0.1549,1.99683,1.02438,2.27137,2.22982,0.00078307,0.00078307,0.00078307
38,219.829,1.15403,0.87827,1.25008,1.31226,0.41573,0.44251,0.43478,0.12164,0.46485,0.59137,0.5991,0.19389,1.99459,0.9393,2.33182,2.27456,0.000781683,0.000781683,0.000781683
39,225.945,1.1507,0.84614,1.22912,1.30459,0.36134,0.58106,0.39392,0.11704,0.48266,0.71488,0.58149,0.20409,2.16605,0.92031,2.21731,2.33612,0.000780296,0.000780296,0.000780296
40,231.701,1.22334,0.86614,1.2695,1.36498,0.30342,0.60699,0.36225,0.12702,0.45473,0.73741,0.54032,0.20635,2.09449,0.97152,2.29501,2.2448,0.000778909,0.000778909,0.000778909
41,237.834,1.14957,0.82511,1.19063,1.30764,0.40815,0.46591,0.38607,0.15622,0.42187,0.72323,0.54826,0.22489,1.99037,0.98941,2.21448,2.23129,0.000777522,0.000777522,0.000777522
42,243.917,1.09983,0.85798,1.14926,1.29286,0.31033,0.53396,0.40066,0.14238,0.51656,0.48864,0.53719,0.21968,2.05936,0.99608,2.0598,2.29655,0.000776135,0.000776135,0.000776135
43,249.657,1.11577,0.89919,1.19135,1.28087,0.27894,0.65909,0.42019,0.13303,0.52158,0.59671,0.59346,0.21995,1.94906,0.97089,2.24299,2.20799,0.000774748,0.000774748,0.000774748
44,255.448,1.07012,0.79085,1.13846,1.27464,0.30764,0.37292,0.31963,0.08893,0.4316,0.52656,0.51969,0.16523,2.26349,1.05619,2.51545,2.49125,0.000773361,0.000773361,0.000773361
45,261.229,1.1514,0.88214,1.13161,1.31412,0.46005,0.32921,0.38925,0.1185,0.67019,0.41437,0.50868,0.16948,1.99864,1.07264,2.25219,2.24053,0.000771974,0.000771974,0.000771974
46,266.997,1.08153,0.83575,1.12558,1.25555,0.36388,0.51515,0.3748,0.12481,0.4501,0.55622,0.45411,0.17447,2.14684,1.0438,2.15207,2.46589,0.000770587,0.000770587,0.000770587
47,272.747,1.11084,0.85081,1.13671,1.26094,0.30462,0.44318,0.37369,0.11921,0.38988,0.625,0.54302,0.18913,2.01888,0.97508,2.21383,2.28348,0.000769201,0.000769201,0.000769201
48,278.465,1.03977,0.79372,1.07674,1.23983,0.23004,0.42376,0.32795,0.12702,0.46023,0.67896,0.54702,0.22063,2.06851,0.92169,2.09278,2.3513,0.000767814,0.000767814,0.000767814
49,284.248,1.04691,0.81334,1.04236,1.22968,0.33144,0.5,0.40707,0.09752,0.56131,0.70455,0.64893,0.21695,2.20804,0.9113,2.49425,2.44593,0.000766427,0.000766427,0.000766427
50,290.017,1.03236,0.81345,1.07346,1.2249,0.34611,0.69347,0.48605,0.12368,0.45999,0.79776,0.64138,0.2107,2.1085,0.89859,2.23853,2.39968,0.00076504,0.00076504,0.00076504
51,295.801,1.04064,0.79921,1.06737,1.2377,0.34743,0.43182,0.44671,0.12674,0.57341,0.60851,0.66721,0.22306,2.2171,0.86876,2.19799,2.3903,0.000763653,0.000763653,0.000763653
52,301.572,1.03672,0.81839,1.01245,1.23628,0.19589,0.59091,0.42444,0.10375,0.32517,0.77441,0.62966,0.16801,2.24725,1.00021,2.51654,2.59326,0.000762266,0.000762266,0.000762266
53,307.351,0.99967,0.78263,0.97792,1.21221,0.31229,0.57384,0.39992,0.10285,0.47945,0.76012,0.60726,0.18177,2.42666,0.99487,2.42001,2.7635,0.000760879,0.000760879,0.000760879
54,313.052,0.97341,0.81475,0.97722,1.18987,0.34035,0.61856,0.35875,0.13345,0.46218,0.77273,0.55816,0.17345,2.22435,1.05242,2.40861,2.51129,0.000759492,0.000759492,0.000759492
55,318.843,0.97739,0.77727,0.97173,1.19432,0.50616,0.5,0.47212,0.20285,0.64376,0.55888,0.59079,0.19493,2.20965,0.95807,2.10709,2.44289,0.000758105,0.000758105,0.000758105
56,324.942,0.98324,0.76617,0.9615,1.1893,0.35521,0.69185,0.34204,0.14177,0.458,0.76435,0.50687,0.1918,2.11634,0.97586,1.98181,2.28689,0.000756718,0.000756718,0.000756718
57,330.717,0.93492,0.7689,0.92563,1.13016,0.36117,0.53048,0.37901,0.15223,0.55995,0.625,0.53116,0.18817,2.05824,0.97958,1.97124,2.28995,0.000755331,0.000755331,0.000755331
58,336.525,0.90685,0.74244,0.87285,1.12886,0.44926,0.45455,0.43184,0.1499,0.52699,0.52273,0.55243,0.20853,2.29647,1.00263,2.17807,2.44443,0.000753944,0.000753944,0.000753944
59,342.243,0.95989,0.80388,0.89293,1.16828,0.36374,0.37014,0.38851,0.13919,0.44678,0.47727,0.51459,0.18517,2.13038,0.99681,2.32114,2.23428,0.000752557,0.000752557,0.000752557
60,347.973,0.93095,0.79477,0.88661,1.14386,0.38171,0.34871,0.33079,0.10423,0.55594,0.60221,0.53078,0.18355,2.39494,0.91095,2.11962,2.71601,0.00075117,0.00075117,0.00075117
61,353.751,0.92002,0.77351,0.92182,1.15483,0.55036,0.35227,0.37418,0.12464,0.74828,0.55976,0.67074,0.23847,2.26653,0.93645,2.32,2.44658,0.000749783,0.000749783,0.000749783
62,359.481,0.92712,0.77193,0.93836,1.15548,0.18583,0.4468,0.23548,0.08484,0.47385,0.63636,0.55273,0.16239,2.36084,0.9397,2.59925,2.52357,0.000748396,0.000748396,0.000748396
63,365.341,0.89749,0.75312,0.85075,1.11811,0.58277,0.62854,0.51237,0.18128,0.66559,0.70455,0.64041,0.21761,2.3074,0.86314,2.05139,2.529,0.000747009,0.000747009,0.000747009
64,371.261,0.91601,0.7702,0.86506,1.14957,0.41757,0.58757,0.43955,0.1569,0.54973,0.65909,0.61524,0.22425,2.11432,0.93682,2.27885,2.24264,0.000745622,0.000745622,0.000745622
65,377.097,0.92616,0.74054,0.84719,1.13229,0.42699,0.4902,0.47393,0.20003,0.4893,0.55682,0.56617,0.22634,2.07622,0.89361,2.14244,2.34841,0.000744236,0.000744236,0.000744236
66,383.298,0.87546,0.81159,0.79903,1.09748,0.40511,0.68182,0.4628,0.18803,0.476,0.77934,0.58955,0.22814,2.15676,0.86285,2.20512,2.35411,0.000742849,0.000742849,0.000742849
67,389.107,0.87853,0.76596,0.81757,1.10806,0.33878,0.56818,0.41173,0.13248,0.44091,0.70215,0.55556,0.16779,2.48427,0.96364,2.35865,2.77986,0.000741462,0.000741462,0.000741462
68,394.971,0.86832,0.75226,0.76678,1.08978,0.40069,0.46437,0.3038,0.0951,0.50988,0.59572,0.58746,0.18643,2.30843,0.87668,2.48248,2.56862,0.000740075,0.000740075,0.000740075
69,400.749,0.81137,0.74512,0.75422,1.0775,0.3864,0.5223,0.38798,0.13662,0.52514,0.53409,0.49339,0.18967,2.26588,0.90866,2.25042,2.62726,0.000738688,0.000738688,0.000738688
70,406.556,0.82796,0.74765,0.70576,1.08003,0.36139,0.40651,0.37924,0.13516,0.45442,0.57742,0.52587,0.19921,2.48198,0.95253,2.29404,2.91181,0.000737301,0.000737301,0.000737301
71,412.38,0.8551,0.72319,0.75816,1.09828,0.33904,0.46549,0.31245,0.112,0.58599,0.65064,0.605,0.19886,2.63671,1.02062,2.36212,2.99452,0.000735914,0.000735914,0.000735914
72,418.161,0.78756,0.72427,0.71631,1.06053,0.50715,0.5674,0.47111,0.13653,0.59632,0.79894,0.68479,0.19536,2.47455,1.05055,2.25872,2.88602,0.000734527,0.000734527,0.000734527
73,423.929,0.8211,0.70246,0.71451,1.06584,0.44279,0.65796,0.45688,0.14009,0.4762,0.74143,0.5609,0.1919,2.37741,0.97571,2.19651,2.60606,0.00073314,0.00073314,0.00073314
74,429.599,0.83281,0.75432,0.7044,1.07535,0.42597,0.63636,0.49557,0.15228,0.53123,0.75,0.65099,0.24481,2.45975,1.02249,2.10061,2.82168,0.000731753,0.000731753,0.000731753
75,435.444,0.82751,0.7394,0.74297,1.0696,0.43961,0.63636,0.49703,0.14813,0.55589,0.77273,0.66186,0.23266,2.48507,1.08755,2.19684,2.95036,0.000730366,0.000730366,0.000730366
76,441.313,0.83486,0.74619,0.7367,1.08221,0.26386,0.75,0.37326,0.12376,0.48645,0.61068,0.51914,0.18704,2.38957,1.01134,2.24219,2.70088,0.000728979,0.000728979,0.000728979
77,447.164,0.82139,0.74566,0.76683,1.06448,0.35694,0.375,0.37122,0.13235,0.60355,0.60227,0.53571,0.19115,2.40069,1.01477,2.49029,2.81674,0.000727592,0.000727592,0.000727592
78,452.987,0.7834,0.68725,0.70536,1.05408,0.30893,0.62282,0.37967,0.11879,0.53462,0.59243,0.53661,0.19254,2.43463,1.0508,2.48179,2.81048,0.000726205,0.000726205,0.000726205
79,458.787,0.78978,0.71377,0.69493,1.04462,0.41875,0.43825,0.30954,0.10071,0.52005,0.72727,0.50255,0.17811,2.42217,1.03023,2.38511,2.88161,0.000724818,0.000724818,0.000724818
80,464.56,0.76096,0.69927,0.68169,1.03062,0.46321,0.48864,0.35157,0.10948,0.57605,0.59118,0.51107,0.16452,2.40935,1.02224,2.45245,2.94397,0.000723431,0.000723431,0.000723431
81,470.399,0.76753,0.70142,0.65449,1.02792,0.43944,0.42045,0.29468,0.09968,0.65269,0.59947,0.50898,0.17096,2.44702,1.02312,2.28536,3.00977,0.000722044,0.000722044,0.000722044
82,476.203,0.74661,0.67975,0.66173,1.03409,0.37093,0.51131,0.36037,0.10643,0.54114,0.60227,0.48227,0.16031,2.58675,1.07774,2.37865,3.05829,0.000720657,0.000720657,0.000720657
83,481.976,0.78801,0.7511,0.68289,1.03564,0.33146,0.52273,0.39213,0.11814,0.45045,0.65909,0.50493,0.17061,2.55826,1.09876,2.33896,3.03309,0.000719271,0.000719271,0.000719271
84,487.674,0.7402,0.71047,0.6585,1.02714,0.43826,0.48589,0.45969,0.15769,0.74645,0.45205,0.61043,0.2003,2.4606,1.11428,2.15211,3.02342,0.000717884,0.000717884,0.000717884
85,493.403,0.79068,0.73319,0.70109,1.04642,0.58467,0.47076,0.46846,0.14993,0.73525,0.58921,0.64937,0.19661,2.43503,1.01149,2.1666,2.89632,0.000716497,0.000716497,0.000716497
86,499.249,0.77693,0.70966,0.73107,1.04959,0.57007,0.43182,0.35327,0.11727,0.67339,0.54545,0.44648,0.15602,2.4379,1.00202,2.10253,2.79654,0.00071511,0.00071511,0.00071511
87,505.06,0.72745,0.70767,0.70032,1.01925,0.56429,0.4182,0.37781,0.12136,0.69784,0.45455,0.46253,0.18336,2.34485,0.99326,2.15519,2.70925,0.000713723,0.000713723,0.000713723
88,510.863,0.75244,0.68708,0.66395,1.01156,0.35018,0.51892,0.38083,0.13186,0.44324,0.64773,0.5165,0.18271,2.33116,0.9916,2.38393,2.69716,0.000712336,0.000712336,0.000712336
89,516.701,0.74533,0.6792,0.67283,1.02511,0.38823,0.48742,0.33424,0.13351,0.45381,0.55363,0.47328,0.17918,2.27202,0.99111,2.26685,2.55034,0.000710949,0.000710949,0.000710949
90,522.518,0.72364,0.67204,0.66642,0.98999,0.34094,0.72727,0.4526,0.14366,0.33172,0.63252,0.54671,0.1929,2.35075,1.02205,2.27498,2.58469,0.000709562,0.000709562,0.000709562
91,528.305,0.7395,0.6744,0.70474,1.01315,0.63428,0.36364,0.41967,0.13285,0.4312,0.5074,0.53847,0.1825,2.4871,1.098,2.29561,2.75977,0.000708175,0.000708175,0.000708175
92,534.138,0.72923,0.69124,0.65662,1.01584,0.54851,0.42045,0.527,0.15995,0.36616,0.84459,0.52494,0.18619,2.46409,1.0993,2.26091,3.05375,0.000706788,0.000706788,0.000706788
93,539.878,0.73915,0.68399,0.66839,1.02057,0.56834,0.34459,0.41995,0.13343,0.60234,0.56795,0.67193,0.2084,2.60401,1.09176,2.36068,3.08655,0.000705401,0.000705401,0.000705401
94,545.63,0.71704,0.69439,0.5988,0.9988,0.74668,0.29725,0.45039,0.16889,0.62205,0.61309,0.64924,0.24242,2.583,1.10441,2.11589,3.10071,0.000704014,0.000704014,0.000704014
95,551.431,0.71441,0.69332,0.58854,0.9839,0.481,0.45104,0.45508,0.17289,0.62192,0.55859,0.57753,0.24509,2.36167,1.05992,2.20709,2.7542,0.000702627,0.000702627,0.000702627
96,557.277,0.70748,0.68157,0.618,1.00647,0.61539,0.53254,0.4857,0.18043,0.68563,0.62027,0.58995,0.24596,2.37288,0.97634,2.1571,2.66351,0.00070124,0.00070124,0.00070124
97,563.399,0.71448,0.6571,0.59664,0.9936,0.42725,0.79545,0.51467,0.18377,0.48528,0.79391,0.66894,0.26414,2.28198,0.95393,2.09838,2.60863,0.000699853,0.000699853,0.000699853
98,569.527,0.71796,0.72503,0.60443,0.98612,0.36232,0.44983,0.44823,0.16048,0.54802,0.73257,0.72635,0.24326,2.22579,0.91221,2.274,2.43124,0.000698466,0.000698466,0.000698466
99,575.295,0.68148,0.655,0.59111,0.98696,0.42576,0.64773,0.50456,0.16475,0.60966,0.59721,0.60853,0.21923,2.22226,0.92679,2.11739,2.54958,0.000697079,0.000697079,0.000697079
100,581.101,0.6824,0.6438,0.57721,0.98386,0.50613,0.39568,0.44974,0.14952,0.52529,0.53857,0.58516,0.21194,2.43527,0.9855,2.08366,2.80018,0.000695692,0.000695692,0.000695692
101,586.901,0.66266,0.65566,0.60076,0.98752,0.40526,0.49216,0.40502,0.13669,0.518,0.63265,0.54718,0.19424,2.42789,0.96985,2.79297,2.70509,0.000694305,0.000694305,0.000694305
102,592.699,0.68485,0.67676,0.60404,0.97831,0.39368,0.36364,0.3473,0.13883,0.60934,0.54545,0.57244,0.19435,2.21614,1.01486,2.3364,2.57612,0.000692919,0.000692919,0.000692919
103,598.507,0.671,0.68822,0.55284,0.9592,0.41337,0.53409,0.39475,0.15948,0.51374,0.67045,0.55878,0.22158,2.27171,0.95942,2.2059,2.73209,0.000691532,0.000691532,0.000691532
104,604.336,0.69118,0.65644,0.58887,1.00058,0.4891,0.63964,0.51722,0.18662,0.54714,0.72506,0.63713,0.23724,2.2923,1.02748,1.98364,2.73957,0.000690145,0.000690145,0.000690145
105,610.124,0.70441,0.63469,0.56995,0.99857,0.41108,0.55682,0.46121,0.16028,0.52339,0.68275,0.61465,0.22522,2.48745,1.06072,1.90246,2.95789,0.000688758,0.000688758,0.000688758
106,615.93,0.70892,0.62785,0.59852,0.99954,0.48275,0.625,0.46922,0.16382,0.53994,0.69318,0.59475,0.22388,2.55914,1.0075,2.19401,2.96545,0.000687371,0.000687371,0.000687371
107,621.747,0.67098,0.65344,0.56675,0.98055,0.49182,0.63021,0.4714,0.16435,0.56299,0.71591,0.61231,0.23656,2.46096,0.97546,1.88376,2.95058,0.000685984,0.000685984,0.000685984
108,627.614,0.67177,0.64031,0.56089,0.9601,0.49004,0.51136,0.40355,0.17875,0.59952,0.625,0.54136,0.21749,2.46248,1.04413,2.18585,2.92032,0.000684597,0.000684597,0.000684597
109,633.438,0.62379,0.61723,0.53661,0.95182,0.4383,0.49728,0.39129,0.15951,0.59834,0.65292,0.52016,0.2028,2.32662,1.12625,2.34288,2.65719,0.00068321,0.00068321,0.00068321
110,639.279,0.63144,0.59429,0.54256,0.96496,0.4677,0.53996,0.48257,0.19758,0.57827,0.67492,0.585,0.22426,2.34276,1.11966,2.07139,2.75964,0.000681823,0.000681823,0.000681823
111,645.134,0.63335,0.62957,0.51275,0.9478,0.61035,0.55445,0.51891,0.19469,0.68936,0.64443,0.65272,0.24913,2.31136,1.0545,1.92244,2.75379,0.000680436,0.000680436,0.000680436
112,650.965,0.65831,0.68106,0.56712,0.98364,0.63011,0.48095,0.5166,0.19192,0.73057,0.59459,0.61452,0.24415,2.32614,1.0608,2.27227,2.5681,0.000679049,0.000679049,0.000679049
113,656.774,0.67971,0.65506,0.55774,0.96853,0.47965,0.44291,0.37227,0.1472,0.65372,0.55331,0.59377,0.21957,2.47028,1.05626,2.81323,2.73896,0.000677662,0.000677662,0.000677662
114,662.604,0.6189,0.59819,0.51854,0.96093,0.40948,0.48329,0.34392,0.12414,0.56006,0.66495,0.54675,0.19292,2.62297,1.11557,2.62317,3.06943,0.000676275,0.000676275,0.000676275
115,668.389,0.66174,0.61851,0.53376,0.95904,0.44668,0.40593,0.33116,0.12417,0.61504,0.66595,0.60476,0.20307,2.77819,1.14551,2.54367,3.2708,0.000674888,0.000674888,0.000674888
116,674.187,0.60809,0.60574,0.516,0.95302,0.40995,0.55682,0.44972,0.13662,0.49235,0.64294,0.59031,0.20823,2.60903,1.09317,2.36223,3.15818,0.000673501,0.000673501,0.000673501
117,680.036,0.65213,0.6178,0.51978,0.9677,0.34275,0.55966,0.37729,0.13017,0.43285,0.60074,0.44805,0.17404,2.50738,1.10865,2.46759,3.07439,0.000672114,0.000672114,0.000672114
118,685.881,0.64757,0.64333,0.50221,0.95936,0.45808,0.57245,0.41642,0.14639,0.61312,0.59675,0.52637,0.18776,2.49053,1.04537,1.97842,2.9406,0.000670727,0.000670727,0.000670727
119,691.698,0.62155,0.62218,0.53051,0.94964,0.50963,0.75,0.55469,0.17336,0.54786,0.79545,0.6033,0.24873,2.40726,0.96957,1.71453,2.77069,0.00066934,0.00066934,0.00066934
120,697.577,0.62119,0.64136,0.5114,0.95138,0.5203,0.72727,0.57392,0.21563,0.57546,0.77273,0.66624,0.28327,2.3883,0.97363,1.69376,2.73888,0.000667954,0.000667954,0.000667954
121,703.822,0.63562,0.61339,0.54076,0.96083,0.47786,0.75051,0.52627,0.20114,0.52986,0.81673,0.62982,0.2467,2.50151,0.97759,1.84778,2.94005,0.000666567,0.000666567,0.000666567
122,709.605,0.63295,0.62875,0.50435,0.95975,0.5253,0.599,0.5173,0.20221,0.59144,0.66718,0.58214,0.24459,2.22437,0.97363,1.91438,2.59961,0.00066518,0.00066518,0.00066518
123,715.417,0.61384,0.65151,0.50112,0.93866,0.52977,0.68275,0.61747,0.23498,0.77794,0.58847,0.74554,0.29898,2.26416,0.94189,1.92899,2.60732,0.000663793,0.000663793,0.000663793
124,721.547,0.61797,0.62711,0.52125,0.94565,0.55031,0.61364,0.55768,0.21834,0.68751,0.77273,0.73005,0.26535,2.41932,0.9069,1.9915,2.75034,0.000662406,0.000662406,0.000662406
125,727.365,0.62522,0.62963,0.51661,0.94265,0.55508,0.53409,0.55765,0.18851,0.67039,0.55682,0.69452,0.27251,2.37615,0.93831,2.11899,2.89251,0.000661019,0.000661019,0.000661019
126,733.119,0.6401,0.65617,0.54446,0.95369,0.62901,0.46442,0.46248,0.14987,0.74456,0.57776,0.59404,0.21358,2.57016,0.92174,2.11451,3.00938,0.000659632,0.000659632,0.000659632
127,738.936,0.6221,0.60636,0.51586,0.93571,0.46197,0.66408,0.53951,0.17735,0.50113,0.73608,0.62556,0.22824,2.47234,0.90612,1.94412,2.89271,0.000658245,0.000658245,0.000658245
128,744.817,0.6139,0.63171,0.51656,0.93605,0.64657,0.42045,0.5263,0.21455,0.80818,0.54546,0.69183,0.26182,2.43453,0.92931,1.96354,2.67341,0.000656858,0.000656858,0.000656858
129,750.633,0.60921,0.62822,0.51527,0.942,0.60808,0.45033,0.46748,0.18763,0.73003,0.56599,0.60553,0.2349,2.29488,0.95384,1.83307,2.55435,0.000655471,0.000655471,0.000655471
130,756.459,0.61456,0.63042,0.50695,0.94638,0.47423,0.40643,0.40065,0.17341,0.54633,0.5305,0.54933,0.21928,2.18072,1.01247,1.98274,2.41895,0.000654084,0.000654084,0.000654084
131,762.261,0.56008,0.58862,0.44731,0.91605,0.3994,0.39549,0.40137,0.14521,0.63807,0.55072,0.56292,0.20115,2.27126,1.02834,2.04602,2.46289,0.000652697,0.000652697,0.000652697
132,768.053,0.59097,0.62083,0.45834,0.93385,0.39519,0.65909,0.43393,0.16345,0.5178,0.7377,0.5677,0.21845,2.45489,0.9882,2.18715,2.78858,0.00065131,0.00065131,0.00065131
133,773.852,0.57595,0.63169,0.47548,0.9258,0.49506,0.56316,0.49382,0.18574,0.59381,0.67045,0.58276,0.23501,2.35298,0.91219,2.19211,2.68093,0.000649923,0.000649923,0.000649923
134,779.576,0.58472,0.60655,0.46372,0.93464,0.38111,0.47763,0.3572,0.14437,0.56308,0.64566,0.59918,0.22157,2.53191,0.92117,2.63445,2.90538,0.000648536,0.000648536,0.000648536
135,785.391,0.58524,0.59484,0.47226,0.91821,0.43399,0.48864,0.42801,0.13828,0.5475,0.60227,0.59682,0.21878,2.63014,0.94655,2.63612,2.88306,0.000647149,0.000647149,0.000647149
136,791.213,0.58843,0.61798,0.50596,0.95455,0.53793,0.4607,0.46175,0.17105,0.67417,0.58374,0.63512,0.23701,2.82259,1.06215,2.01521,3.15676,0.000645762,0.000645762,0.000645762
137,797.026,0.61721,0.61354,0.47459,0.93576,0.65447,0.48864,0.5596,0.2239,0.7054,0.53409,0.63715,0.27119,2.44447,1.11107,1.72373,2.69472,0.000644375,0.000644375,0.000644375
138,802.83,0.59509,0.61531,0.47171,0.91566,0.46526,0.53409,0.48548,0.18861,0.51996,0.62139,0.56181,0.24665,2.44454,1.09969,1.85818,2.80565,0.000642989,0.000642989,0.000642989
139,808.625,0.58802,0.58273,0.47562,0.92622,0.51282,0.4221,0.40352,0.1411,0.56275,0.51277,0.58147,0.20073,2.67248,1.08161,2.21701,3.09072,0.000641602,0.000641602,0.000641602
140,814.433,0.59586,0.62914,0.50136,0.94602,0.51931,0.47782,0.38714,0.12158,0.61639,0.54797,0.56966,0.20347,2.78144,1.03994,2.23927,3.1047,0.000640215,0.000640215,0.000640215
141,820.252,0.55704,0.58262,0.44839,0.91664,0.50882,0.46891,0.51293,0.20892,0.57397,0.51328,0.61014,0.26188,2.52543,0.98282,2.06471,3.01731,0.000638828,0.000638828,0.000638828
142,826.06,0.58878,0.58985,0.4687,0.94849,0.53068,0.53564,0.58581,0.26099,0.601,0.60312,0.68089,0.27791,2.39525,0.96653,1.81768,2.90796,0.000637441,0.000637441,0.000637441
143,831.886,0.56063,0.60927,0.4409,0.92807,0.41061,0.64872,0.55972,0.2595,0.47942,0.7075,0.67175,0.25906,2.40579,0.96043,1.80775,2.87738,0.000636054,0.000636054,0.000636054
144,837.705,0.55997,0.6031,0.46861,0.91369,0.49594,0.56818,0.50017,0.18114,0.71523,0.56462,0.71486,0.26185,2.42433,1.01427,2.03116,2.80256,0.000634667,0.000634667,0.000634667
145,843.54,0.56645,0.58213,0.42794,0.92204,0.4114,0.60344,0.47979,0.17931,0.56217,0.73863,0.62077,0.22302,2.47377,1.01756,1.88699,2.88408,0.00063328,0.00063328,0.00063328
146,849.355,0.53445,0.59923,0.43945,0.90364,0.4876,0.5866,0.53815,0.19039,0.59602,0.73169,0.65037,0.2325,2.55599,1.02898,1.84028,2.84585,0.000631893,0.000631893,0.000631893
147,855.147,0.56544,0.60138,0.44958,0.91989,0.55378,0.46591,0.4974,0.19743,0.69946,0.55682,0.62857,0.22844,2.52794,1.09634,1.77603,2.74556,0.000630506,0.000630506,0.000630506
148,860.997,0.56635,0.60978,0.44619,0.92405,0.65322,0.48864,0.56829,0.22241,0.75816,0.58959,0.71133,0.27802,2.54985,1.05484,1.73525,2.83264,0.000629119,0.000629119,0.000629119
149,866.812,0.57002,0.60443,0.47397,0.92306,0.75513,0.48864,0.57349,0.22743,0.81416,0.58157,0.70732,0.2684,2.445,1.01723,1.89754,2.74526,0.000627732,0.000627732,0.000627732
150,872.622,0.55283,0.59522,0.45852,0.92298,0.57163,0.55682,0.59008,0.23745,0.64262,0.625,0.69475,0.29058,2.47108,0.97149,1.76473,2.69003,0.000626345,0.000626345,0.000626345
151,878.437,0.54362,0.5843,0.43923,0.90655,0.49707,0.52969,0.47936,0.1999,0.65018,0.60627,0.62029,0.2583,2.44021,0.98537,1.95806,2.75724,0.000624958,0.000624958,0.000624958
152,884.268,0.55411,0.61906,0.43422,0.92691,0.46483,0.51425,0.49125,0.17349,0.6348,0.69938,0.67772,0.24789,2.52114,1.0219,2.25903,2.96321,0.000623571,0.000623571,0.000623571
153,890.094,0.56238,0.59386,0.43795,0.9069,0.43507,0.54545,0.45906,0.14569,0.59912,0.7178,0.68009,0.23367,2.6196,1.02804,2.47357,2.98219,0.000622184,0.000622184,0.000622184
154,895.932,0.54549,0.58542,0.43903,0.90989,0.38366,0.59548,0.39238,0.13486,0.52979,0.7494,0.61178,0.2103,2.65459,1.04807,2.30802,3.1355,0.000620797,0.000620797,0.000620797
155,901.739,0.55825,0.58696,0.44935,0.92384,0.33843,0.58296,0.40542,0.17367,0.43837,0.75267,0.64371,0.21546,2.49512,1.0621,2.2795,2.8637,0.00061941,0.00061941,0.00061941
156,907.58,0.52558,0.57584,0.43277,0.90951,0.57558,0.60464,0.5706,0.29332,0.76384,0.78839,0.77921,0.31137,2.41153,1.01074,1.73718,2.77069,0.000618024,0.000618024,0.000618024
157,913.792,0.53239,0.58233,0.4194,0.90281,0.7264,0.5869,0.67255,0.34526,0.82641,0.65694,0.80523,0.30681,2.29609,1.03877,1.58462,2.65196,0.000616637,0.000616637,0.000616637
158,919.696,0.54129,0.58035,0.42655,0.90946,0.58445,0.60931,0.59387,0.27869,0.74125,0.72284,0.7411,0.31093,2.25609,0.98224,1.54478,2.47636,0.00061525,0.00061525,0.00061525
159,925.466,0.53971,0.5763,0.43163,0.896,0.4465,0.68182,0.58983,0.28988,0.54876,0.79545,0.71685,0.3169,2.25753,0.94855,1.70704,2.49372,0.000613863,0.000613863,0.000613863
160,931.121,0.56287,0.63374,0.45319,0.91154,0.34213,0.60227,0.44593,0.21335,0.51948,0.79181,0.70846,0.25508,2.24796,0.99679,1.88576,2.51284,0.000612476,0.000612476,0.000612476
161,936.842,0.53072,0.58546,0.43297,0.90149,0.50132,0.57714,0.57611,0.21152,0.58349,0.67045,0.74054,0.24705,2.34033,1.02712,1.91622,2.7229,0.000611089,0.000611089,0.000611089
162,942.6,0.51094,0.57094,0.42098,0.90626,0.47029,0.60097,0.52283,0.21563,0.47745,0.64773,0.64813,0.23203,2.36273,1.08185,1.83069,2.72532,0.000609702,0.000609702,0.000609702
163,948.361,0.56289,0.6127,0.44317,0.91158,0.4655,0.46413,0.51125,0.22512,0.50706,0.4907,0.53772,0.22115,2.25779,1.14613,2.02681,2.60191,0.000608315,0.000608315,0.000608315
164,954.184,0.56198,0.61976,0.44752,0.90185,0.39486,0.47588,0.4003,0.17783,0.50341,0.61447,0.55607,0.23165,2.21764,1.14684,2.29444,2.61135,0.000606928,0.000606928,0.000606928
165,959.943,0.5416,0.59181,0.44975,0.91539,0.51747,0.38591,0.40541,0.18501,0.71194,0.54409,0.62818,0.24209,2.50571,1.1505,2.22941,2.90684,0.000605541,0.000605541,0.000605541
166,965.735,0.53634,0.58073,0.4243,0.91372,0.45588,0.37068,0.49006,0.19591,0.64592,0.57742,0.67566,0.26618,2.5072,1.09393,2.19778,2.85641,0.000604154,0.000604154,0.000604154
167,971.47,0.50486,0.56651,0.4078,0.88432,0.56616,0.35227,0.50251,0.17527,0.84828,0.55682,0.73173,0.26124,2.62549,1.08698,2.28767,3.02892,0.000602767,0.000602767,0.000602767
168,977.277,0.5101,0.59164,0.42231,0.89059,0.66416,0.31942,0.41508,0.15686,0.73183,0.5008,0.67727,0.22609,2.63094,1.08931,2.61513,2.88428,0.00060138,0.00060138,0.00060138
169,983.117,0.49393,0.56145,0.41068,0.89894,0.66647,0.27791,0.44313,0.18588,0.64831,0.53953,0.66273,0.23625,2.50265,1.03333,2.4486,2.83088,0.000599993,0.000599993,0.000599993
170,988.916,0.50221,0.54734,0.40156,0.88013,0.64002,0.2838,0.43289,0.1886,0.54916,0.53386,0.6501,0.23943,2.51342,1.03923,2.38422,2.86207,0.000598606,0.000598606,0.000598606
171,994.721,0.5423,0.59417,0.42244,0.91197,0.39379,0.46591,0.45699,0.19336,0.53319,0.64773,0.6477,0.24539,2.46185,1.07215,2.28245,2.83718,0.000597219,0.000597219,0.000597219
172,1000.52,0.5262,0.54805,0.40795,0.90515,0.40739,0.43153,0.41421,0.21643,0.54861,0.56941,0.6276,0.24705,2.39411,1.07098,2.19882,2.80879,0.000595832,0.000595832,0.000595832
173,1006.4,0.50582,0.57184,0.38602,0.89529,0.45092,0.4149,0.45362,0.23539,0.59326,0.57728,0.69447,0.2878,2.31926,1.05454,2.21899,2.67745,0.000594445,0.000594445,0.000594445
174,1012.18,0.50304,0.57159,0.39024,0.8827,0.46782,0.5993,0.52372,0.257,0.57802,0.70318,0.6519,0.27943,2.21084,1.01126,2.16297,2.59443,0.000593059,0.000593059,0.000593059
175,1017.99,0.50548,0.58599,0.39641,0.879,0.63801,0.5994,0.54307,0.21186,0.71899,0.66058,0.65492,0.28659,2.33611,1.01681,1.90896,2.75467,0.000591672,0.000591672,0.000591672
176,1023.84,0.52823,0.57223,0.42664,0.90363,0.78414,0.60795,0.63498,0.24253,0.84874,0.65203,0.77617,0.32532,2.38639,0.99125,2.05116,2.74511,0.000590285,0.000590285,0.000590285
177,1029.67,0.49741,0.59008,0.39657,0.87422,0.6573,0.5975,0.60772,0.29501,0.74885,0.66293,0.70982,0.32953,2.26587,0.98225,2.09181,2.53532,0.000588898,0.000588898,0.000588898
178,1035.46,0.48351,0.56838,0.38878,0.88934,0.70765,0.46656,0.55663,0.27747,0.83864,0.55747,0.67568,0.31184,2.24636,0.99684,2.15667,2.43689,0.000587511,0.000587511,0.000587511
179,1041.29,0.51172,0.57417,0.40608,0.88769,0.56321,0.45002,0.49378,0.24992,0.69538,0.60355,0.69589,0.29148,2.28389,1.01792,2.20836,2.45733,0.000586124,0.000586124,0.000586124
180,1047.11,0.51168,0.5513,0.39954,0.89054,0.43422,0.63567,0.50109,0.23427,0.51855,0.71965,0.65329,0.27536,2.21889,0.99141,2.25767,2.58386,0.000584737,0.000584737,0.000584737
181,1052.92,0.48216,0.54177,0.39942,0.88784,0.44132,0.59671,0.47833,0.23584,0.57347,0.74984,0.65475,0.27788,2.26029,0.9654,2.3634,2.67285,0.00058335,0.00058335,0.00058335
182,1058.75,0.51722,0.57453,0.41866,0.89685,0.61683,0.40624,0.49177,0.23986,0.69178,0.5149,0.63101,0.26559,2.19909,0.93905,2.40101,2.67542,0.000581963,0.000581963,0.000581963
183,1064.52,0.52493,0.58076,0.41458,0.91482,0.57497,0.39773,0.50525,0.27828,0.7038,0.50944,0.63943,0.29026,2.2015,0.93664,2.44951,2.67658,0.000580576,0.000580576,0.000580576
184,1070.34,0.50266,0.56968,0.39154,0.89778,0.65124,0.42769,0.54324,0.27375,0.57449,0.61931,0.67395,0.28684,2.29178,0.93168,2.11579,2.81634,0.000579189,0.000579189,0.000579189
185,1076.15,0.45914,0.53246,0.37079,0.88349,0.51067,0.65909,0.58319,0.29286,0.54302,0.70017,0.65339,0.2847,2.31458,0.98239,1.9409,2.82169,0.000577802,0.000577802,0.000577802
186,1081.96,0.4819,0.51167,0.38662,0.89873,0.71295,0.52604,0.57692,0.32542,0.75125,0.54746,0.67573,0.29713,2.46512,0.98842,1.8842,2.81131,0.000576415,0.000576415,0.000576415
187,1087.72,0.49479,0.55044,0.39217,0.89391,0.67482,0.50543,0.56272,0.29169,0.72953,0.60556,0.67425,0.28017,2.49516,1.00896,2.19831,2.73096,0.000575028,0.000575028,0.000575028
188,1093.5,0.48704,0.57989,0.39234,0.89848,0.679,0.5419,0.59222,0.23147,0.87103,0.6465,0.75062,0.27377,2.56592,1.02616,2.27113,2.95057,0.000573641,0.000573641,0.000573641
189,1099.39,0.50787,0.59653,0.4019,0.88675,0.71456,0.53113,0.58106,0.22608,0.9059,0.64417,0.75409,0.28823,2.49599,1.03788,2.22621,2.98781,0.000572254,0.000572254,0.000572254
190,1105.21,0.49843,0.57181,0.3843,0.87541,0.61654,0.55644,0.58172,0.24598,0.73243,0.63652,0.74484,0.28688,2.3954,1.1024,2.18509,2.99483,0.000570867,0.000570867,0.000570867
191,1111.03,0.48708,0.55997,0.39603,0.90196,0.6088,0.55762,0.56345,0.23984,0.68934,0.65645,0.67626,0.28996,2.35306,1.15949,2.2378,2.89108,0.00056948,0.00056948,0.00056948
192,1116.89,0.47564,0.53345,0.397,0.88522,0.52721,0.50741,0.4912,0.19844,0.65041,0.59549,0.61879,0.2381,2.41547,1.19155,2.45499,2.88048,0.000568094,0.000568094,0.000568094
193,1122.69,0.46258,0.5124,0.37391,0.87567,0.33948,0.61124,0.37564,0.13385,0.61812,0.52333,0.55747,0.20162,2.58912,1.16648,2.29427,2.9886,0.000566707,0.000566707,0.000566707
194,1128.5,0.48513,0.55265,0.38281,0.87732,0.47541,0.48864,0.41029,0.13491,0.55924,0.59158,0.52811,0.18532,2.61276,1.10834,2.19304,3.09019,0.00056532,0.00056532,0.00056532
195,1134.27,0.47749,0.517,0.36852,0.86905,0.49477,0.46591,0.38872,0.13055,0.55143,0.64773,0.51299,0.19164,2.65689,1.04199,2.20448,3.11131,0.000563933,0.000563933,0.000563933
196,1140.12,0.4708,0.55039,0.37961,0.86844,0.44399,0.48864,0.39426,0.14265,0.61664,0.56317,0.55718,0.1995,2.72437,1.05359,2.1116,3.29191,0.000562546,0.000562546,0.000562546
197,1145.92,0.49747,0.57318,0.3876,0.89035,0.53389,0.44286,0.41464,0.14062,0.70417,0.52912,0.54689,0.19876,2.59435,1.05966,2.31874,3.00156,0.000561159,0.000561159,0.000561159
198,1151.71,0.49036,0.55078,0.37816,0.88165,0.40713,0.48356,0.41581,0.14816,0.55544,0.64051,0.61899,0.21544,2.60844,1.05599,2.47117,2.99487,0.000559772,0.000559772,0.000559772
199,1157.5,0.46895,0.56032,0.37492,0.88009,0.39185,0.6284,0.4461,0.15653,0.57943,0.66277,0.63368,0.22848,2.58702,1.04045,2.32467,3.04736,0.000558385,0.000558385,0.000558385
200,1163.31,0.49873,0.5544,0.3893,0.89766,0.49779,0.66267,0.52541,0.18597,0.65101,0.79012,0.71627,0.24267,2.51093,1.0334,2.24227,2.96751,0.000556998,0.000556998,0.000556998
201,1169.14,0.46629,0.54568,0.36215,0.86821,0.65067,0.53932,0.62039,0.22402,0.85526,0.69321,0.81623,0.28323,2.51277,1.02964,2.05363,2.96742,0.000555611,0.000555611,0.000555611
202,1174.95,0.46722,0.53543,0.36608,0.89221,0.46871,0.46591,0.42757,0.16516,0.64921,0.625,0.6413,0.2213,2.59661,1.01008,2.07261,3.02292,0.000554224,0.000554224,0.000554224
203,1180.74,0.47473,0.53063,0.36212,0.88138,0.38751,0.41525,0.33971,0.12905,0.64468,0.56769,0.62208,0.2119,2.72712,0.99454,2.1366,3.15392,0.000552837,0.000552837,0.000552837
204,1186.57,0.44541,0.52617,0.3502,0.86373,0.43435,0.44318,0.38835,0.15387,0.69663,0.58586,0.64097,0.2319,2.62762,1.00634,2.12939,3.14631,0.00055145,0.00055145,0.00055145
205,1192.37,0.46762,0.50931,0.36168,0.88044,0.46925,0.46591,0.40458,0.15623,0.62149,0.60591,0.62309,0.22646,2.57383,0.99657,2.05016,3.1466,0.000550063,0.000550063,0.000550063
206,1198.19,0.46921,0.52525,0.35067,0.88644,0.61338,0.58486,0.59102,0.21302,0.73732,0.67098,0.74109,0.29454,2.48866,1.02768,1.91086,2.97021,0.000548676,0.000548676,0.000548676
207,1204.02,0.44491,0.52461,0.35911,0.86855,0.86813,0.52653,0.62796,0.21032,0.80024,0.60972,0.73303,0.30522,2.60607,1.07808,2.12217,2.99544,0.000547289,0.000547289,0.000547289
208,1209.88,0.47042,0.54071,0.37191,0.87004,0.79467,0.58203,0.64232,0.24553,0.82947,0.60464,0.70762,0.30304,2.60398,1.10064,2.08568,3.00543,0.000545902,0.000545902,0.000545902
209,1215.71,0.45782,0.53313,0.35257,0.87888,0.81243,0.58381,0.5992,0.25488,0.95105,0.6716,0.82753,0.31795,2.76925,1.09641,1.93471,3.19373,0.000544515,0.000544515,0.000544515
210,1221.49,0.46233,0.50861,0.36591,0.86497,0.80167,0.59847,0.61793,0.2356,0.84997,0.73898,0.79156,0.29711,2.78433,1.10899,1.7719,3.31564,0.000543128,0.000543128,0.000543128
211,1227.24,0.44516,0.55048,0.34606,0.86554,0.60043,0.48864,0.53711,0.22122,0.52472,0.75729,0.64841,0.25624,2.59842,1.09628,1.92154,3.12456,0.000541742,0.000541742,0.000541742
212,1233,0.46789,0.51963,0.37945,0.87592,0.55159,0.44318,0.44095,0.19154,0.60912,0.59843,0.57144,0.24043,2.42389,1.04072,2.30115,2.84515,0.000540355,0.000540355,0.000540355
213,1238.83,0.45384,0.49614,0.36247,0.868,0.42183,0.59683,0.46598,0.21492,0.57127,0.77519,0.63688,0.2549,2.40493,1.04563,2.17399,2.86694,0.000538968,0.000538968,0.000538968
214,1244.64,0.45669,0.50674,0.34971,0.86417,0.46322,0.60036,0.46721,0.1899,0.6222,0.79412,0.73418,0.25788,2.3291,1.05905,2.13434,2.84726,0.000537581,0.000537581,0.000537581
215,1250.46,0.45864,0.52537,0.37755,0.88047,0.61448,0.46506,0.45012,0.18538,0.65389,0.67187,0.73009,0.26987,2.38413,1.06949,1.94915,2.87354,0.000536194,0.000536194,0.000536194
216,1256.3,0.44223,0.53436,0.35755,0.86134,0.41259,0.40602,0.35955,0.15442,0.57896,0.59766,0.60343,0.20002,2.49632,1.03649,2.26107,3.02582,0.000534807,0.000534807,0.000534807
217,1262.12,0.46551,0.53933,0.34476,0.88202,0.44166,0.52725,0.40334,0.15413,0.57855,0.70764,0.64588,0.23334,2.53407,1.04237,2.3064,2.98739,0.00053342,0.00053342,0.00053342
218,1267.87,0.44971,0.51045,0.35578,0.88148,0.39988,0.49039,0.38968,0.15989,0.58261,0.7041,0.65146,0.23237,2.55258,1.05831,2.48261,2.90906,0.000532033,0.000532033,0.000532033
219,1273.65,0.45147,0.52035,0.35625,0.86585,0.37834,0.39864,0.40782,0.1716,0.93838,0.39758,0.53468,0.20246,2.4557,1.0804,2.4396,2.86059,0.000530646,0.000530646,0.000530646
220,1279.45,0.41921,0.4995,0.33102,0.8635,0.70419,0.5606,0.63867,0.26413,0.85662,0.68545,0.77795,0.31022,2.44999,1.06998,2.23407,2.93839,0.000529259,0.000529259,0.000529259
221,1285.29,0.43434,0.51103,0.33919,0.85823,0.70701,0.54244,0.57568,0.20789,0.7807,0.59388,0.75309,0.27443,2.52854,1.0683,2.22915,3.01127,0.000527872,0.000527872,0.000527872
222,1291.06,0.42859,0.52384,0.33526,0.87105,0.65892,0.60044,0.62781,0.24989,0.62784,0.76199,0.7491,0.30105,2.63087,1.06093,2.07269,3.0668,0.000526485,0.000526485,0.000526485
223,1296.85,0.44198,0.51622,0.33904,0.87466,0.57244,0.63636,0.61637,0.24432,0.63741,0.72727,0.76248,0.31234,2.66219,1.05506,2.04924,3.10197,0.000525098,0.000525098,0.000525098
224,1302.64,0.44491,0.51033,0.34562,0.87126,0.72292,0.49635,0.53571,0.23092,0.85037,0.60809,0.67158,0.2858,2.60168,1.08665,2.1657,3.00492,0.000523711,0.000523711,0.000523711
225,1308.44,0.45125,0.56576,0.34973,0.87429,0.8036,0.45322,0.55043,0.24406,0.89786,0.54769,0.65826,0.28558,2.57795,1.08225,2.0629,3.01855,0.000522324,0.000522324,0.000522324
226,1314.24,0.46268,0.54421,0.34618,0.87817,0.80827,0.45577,0.55211,0.23836,0.85475,0.51571,0.66983,0.28614,2.55803,1.09929,2.14201,2.87369,0.000520937,0.000520937,0.000520937
227,1320.03,0.43045,0.52873,0.34702,0.85406,0.75549,0.44058,0.54921,0.23309,0.75436,0.48616,0.63756,0.28041,2.50603,1.05921,2.10114,2.77688,0.00051955,0.00051955,0.00051955
228,1325.86,0.4279,0.5157,0.33387,0.8496,0.77594,0.42355,0.51485,0.25515,0.84319,0.46896,0.61326,0.28577,2.51553,1.05361,2.16447,2.8763,0.000518163,0.000518163,0.000518163
229,1331.63,0.468,0.53061,0.3507,0.89133,0.79389,0.47574,0.53893,0.27021,0.88971,0.54274,0.66268,0.30398,2.49043,1.09508,2.11064,2.8673,0.000516777,0.000516777,0.000516777
230,1337.41,0.45801,0.55668,0.35293,0.87145,0.72334,0.47722,0.58338,0.2847,0.84165,0.56813,0.7499,0.31205,2.49983,1.11234,2.01099,2.99847,0.00051539,0.00051539,0.00051539
231,1343.19,0.41311,0.48261,0.31944,0.86343,0.67982,0.52389,0.51314,0.24741,0.79817,0.60606,0.68649,0.28311,2.50151,1.11939,1.95037,3.02444,0.000514003,0.000514003,0.000514003
232,1348.97,0.44981,0.49546,0.34691,0.87442,0.78015,0.46526,0.53154,0.20244,0.7667,0.58915,0.69682,0.2746,2.414,1.11589,2.04918,2.95109,0.000512616,0.000512616,0.000512616
233,1354.8,0.41925,0.48592,0.33729,0.86564,0.59817,0.4414,0.49096,0.19633,0.6915,0.5191,0.64454,0.24932,2.27489,1.08826,2.29617,2.75302,0.000511229,0.000511229,0.000511229
234,1360.58,0.41378,0.53164,0.32456,0.86234,0.70439,0.30153,0.44641,0.18211,0.471,0.62422,0.61478,0.22701,2.34486,1.09034,2.55296,2.68929,0.000509842,0.000509842,0.000509842
235,1366.36,0.4446,0.54068,0.35327,0.88725,0.38245,0.53409,0.45814,0.21415,0.48883,0.625,0.60206,0.25582,2.32438,1.08783,2.60931,2.70699,0.000508455,0.000508455,0.000508455
236,1372.19,0.43092,0.50522,0.34985,0.85014,0.392,0.48825,0.45058,0.21797,0.46056,0.54801,0.57471,0.25602,2.39629,1.0871,2.72943,2.62855,0.000507068,0.000507068,0.000507068
237,1377.99,0.46224,0.50664,0.36758,0.87681,0.41202,0.42094,0.45804,0.23931,0.4436,0.61101,0.59174,0.27061,2.40624,1.06991,2.46064,2.63887,0.000505681,0.000505681,0.000505681
238,1383.78,0.44327,0.54156,0.36122,0.87557,0.55955,0.52273,0.52558,0.23857,0.56936,0.63555,0.65162,0.29049,2.42007,1.07881,2.41698,2.64793,0.000504294,0.000504294,0.000504294
239,1389.51,0.4376,0.54999,0.34859,0.8692,0.41797,0.59316,0.48171,0.20795,0.65705,0.55968,0.60012,0.25923,2.42752,1.05181,2.45606,2.68368,0.000502907,0.000502907,0.000502907
240,1395.32,0.43076,0.50588,0.33085,0.86104,0.49046,0.50144,0.49439,0.21221,0.67142,0.56913,0.66758,0.26897,2.28966,1.05312,2.66855,2.64254,0.00050152,0.00050152,0.00050152
241,1401.13,0.42757,0.4738,0.33345,0.8567,0.49603,0.52081,0.53887,0.25942,0.64369,0.62449,0.69156,0.27143,2.22031,1.05335,2.43987,2.67988,0.000500133,0.000500133,0.000500133
242,1406.92,0.42574,0.50845,0.33183,0.85562,0.61584,0.55388,0.60032,0.262,0.67943,0.59706,0.69629,0.28931,2.23636,1.08164,2.15624,2.68184,0.000498746,0.000498746,0.000498746
243,1412.69,0.42425,0.50452,0.32668,0.85726,0.71108,0.41603,0.50264,0.25026,0.69334,0.51136,0.68132,0.2644,2.23651,1.12539,2.14931,2.64221,0.000497359,0.000497359,0.000497359
244,1418.49,0.45026,0.51759,0.33816,0.87927,0.63935,0.5219,0.57402,0.22363,0.77642,0.53348,0.6775,0.29128,2.45371,1.08181,1.93281,2.84668,0.000495972,0.000495972,0.000495972
245,1424.32,0.41774,0.46701,0.33316,0.85307,0.807,0.41341,0.55536,0.2174,0.76758,0.51136,0.6628,0.29049,2.50715,1.07278,2.00001,2.86644,0.000494585,0.000494585,0.000494585
246,1430.15,0.41074,0.47902,0.30574,0.85797,0.49596,0.55081,0.45654,0.19798,0.71517,0.53409,0.59299,0.24028,2.51265,1.11656,2.13178,2.87306,0.000493198,0.000493198,0.000493198
247,1435.9,0.42664,0.52585,0.32879,0.87153,0.54977,0.44318,0.40288,0.17102,0.62584,0.58688,0.57049,0.22792,2.58319,1.18789,2.32421,2.86197,0.000491812,0.000491812,0.000491812
248,1441.64,0.4106,0.49889,0.31866,0.85791,0.65078,0.42226,0.44048,0.19585,0.76795,0.50764,0.60277,0.24541,2.54015,1.14475,2.5346,2.85169,0.000490425,0.000490425,0.000490425
249,1447.41,0.40907,0.49987,0.32816,0.84873,0.55578,0.3738,0.39864,0.19453,0.66874,0.46399,0.54821,0.21536,2.6931,1.11193,2.71991,2.9526,0.000489038,0.000489038,0.000489038
250,1453.21,0.40411,0.47226,0.31968,0.85852,0.37096,0.34778,0.35054,0.13318,0.50475,0.44757,0.50396,0.18519,2.69292,1.06302,2.79401,3.01761,0.000487651,0.000487651,0.000487651
251,1458.99,0.40765,0.47257,0.31541,0.86309,0.42945,0.35227,0.36213,0.12091,0.5406,0.43802,0.49684,0.17978,2.61903,1.03805,2.79221,2.87727,0.000486264,0.000486264,0.000486264
252,1464.79,0.40167,0.48681,0.31531,0.85259,0.47392,0.39773,0.35382,0.13984,0.58281,0.46541,0.46686,0.19145,2.50203,1.08387,2.64938,2.85271,0.000484877,0.000484877,0.000484877
253,1470.58,0.40193,0.47709,0.30875,0.84606,0.51088,0.38374,0.35899,0.14071,0.58412,0.42546,0.45056,0.20025,2.54825,1.09999,2.53735,2.89332,0.00048349,0.00048349,0.00048349
254,1476.39,0.41014,0.46216,0.3189,0.85433,0.45605,0.51398,0.37937,0.13719,0.54568,0.64803,0.52782,0.22071,2.58629,1.09905,2.4043,2.92377,0.000482103,0.000482103,0.000482103
255,1482.18,0.40334,0.49654,0.32195,0.84935,0.45752,0.55792,0.39358,0.15181,0.55435,0.67723,0.58014,0.22841,2.61559,1.06441,2.53941,2.81464,0.000480716,0.000480716,0.000480716
256,1487.98,0.41468,0.47535,0.32249,0.85494,0.66071,0.50867,0.50034,0.21144,0.80033,0.57481,0.67527,0.28056,2.56532,1.01694,2.39132,2.95899,0.000479329,0.000479329,0.000479329
257,1493.79,0.3922,0.47653,0.31099,0.84562,0.74871,0.47252,0.57581,0.22725,0.94341,0.56595,0.76398,0.29503,2.57587,1.02707,2.14389,3.05426,0.000477942,0.000477942,0.000477942
258,1499.58,0.40575,0.47793,0.32073,0.86387,0.74735,0.51302,0.60365,0.22094,0.89632,0.59313,0.76208,0.28422,2.54425,1.03546,1.92158,3.06179,0.000476555,0.000476555,0.000476555
259,1505.38,0.42413,0.50438,0.33136,0.85651,0.55456,0.60786,0.55236,0.20818,0.83268,0.70564,0.74266,0.30214,2.61258,1.03632,1.79809,3.12821,0.000475168,0.000475168,0.000475168
260,1511.2,0.4027,0.46838,0.32925,0.85488,0.59871,0.52273,0.54857,0.18146,0.85081,0.69544,0.74558,0.2571,2.65493,1.05442,1.93954,3.08546,0.000473781,0.000473781,0.000473781
261,1517.02,0.41749,0.50393,0.33527,0.86489,0.69559,0.54545,0.60667,0.21124,0.87372,0.6874,0.80158,0.2791,2.76033,1.07488,1.72335,3.24864,0.000472394,0.000472394,0.000472394
262,1522.87,0.40342,0.47961,0.32188,0.8544,0.64966,0.59939,0.61354,0.19983,0.85059,0.68782,0.77919,0.28218,2.81294,1.07917,1.77534,3.39476,0.000471007,0.000471007,0.000471007
263,1528.66,0.4282,0.48307,0.33175,0.86062,0.74707,0.60012,0.64896,0.22551,0.87085,0.72295,0.816,0.315,2.73621,1.12135,1.5406,3.34184,0.00046962,0.00046962,0.00046962
264,1534.48,0.41818,0.53555,0.31625,0.85292,0.64356,0.63837,0.61958,0.24706,0.77611,0.7509,0.78526,0.31466,2.47583,1.13595,1.59369,2.98785,0.000468233,0.000468233,0.000468233
265,1540.29,0.41398,0.4728,0.32924,0.85991,0.64283,0.62534,0.57491,0.22978,0.72638,0.69419,0.71101,0.2944,2.42757,1.17192,1.8361,2.86758,0.000466847,0.000466847,0.000466847
266,1546.1,0.40105,0.4808,0.30913,0.85318,0.50311,0.50918,0.55461,0.21368,0.75397,0.59951,0.734,0.28587,2.51079,1.23702,2.04605,2.84336,0.00046546,0.00046546,0.00046546
267,1551.9,0.41117,0.46613,0.31882,0.85559,0.52195,0.37122,0.52928,0.2141,0.7263,0.58783,0.71854,0.27972,2.70418,1.2786,2.41101,3.01737,0.000464073,0.000464073,0.000464073
268,1557.7,0.39941,0.45513,0.31492,0.85439,0.4769,0.49724,0.50309,0.24378,0.67264,0.56537,0.64764,0.28606,2.70979,1.26883,2.36927,3.08398,0.000462686,0.000462686,0.000462686
269,1563.47,0.41711,0.50531,0.32641,0.86535,0.44214,0.54936,0.47795,0.22985,0.60218,0.67717,0.65632,0.27149,2.69778,1.30261,2.37882,3.02582,0.000461299,0.000461299,0.000461299
270,1569.25,0.42801,0.51974,0.34721,0.86963,0.55939,0.52273,0.53565,0.25631,0.75886,0.67908,0.70661,0.28606,2.55885,1.28665,2.21411,2.96542,0.000459912,0.000459912,0.000459912
271,1575,0.40288,0.50084,0.31765,0.85617,0.50967,0.54434,0.5466,0.27437,0.68137,0.60242,0.68684,0.27661,2.64965,1.27778,2.22104,3.0679,0.000458525,0.000458525,0.000458525
272,1580.83,0.39584,0.50142,0.32473,0.84878,0.58261,0.5316,0.51577,0.23112,0.62787,0.57504,0.63174,0.23253,2.56183,1.18936,2.5231,2.86825,0.000457138,0.000457138,0.000457138
273,1586.64,0.40413,0.49805,0.31006,0.85061,0.44165,0.54011,0.44539,0.19451,0.48114,0.59091,0.56855,0.21846,2.62944,1.14887,2.66476,2.8285,0.000455751,0.000455751,0.000455751
274,1592.44,0.39349,0.49489,0.304,0.84951,0.45068,0.48292,0.40149,0.18275,0.60796,0.61238,0.57991,0.20416,2.55898,1.14373,2.71299,2.77209,0.000454364,0.000454364,0.000454364
275,1598.23,0.39219,0.49256,0.31016,0.84868,0.48114,0.52273,0.45702,0.20651,0.60208,0.61364,0.60542,0.24047,2.57226,1.14437,2.50735,2.88877,0.000452977,0.000452977,0.000452977
276,1604.04,0.3707,0.46329,0.29916,0.83461,0.70575,0.46547,0.51093,0.20103,0.80822,0.53935,0.70202,0.26821,2.61588,1.1166,2.08616,2.89367,0.00045159,0.00045159,0.00045159
277,1609.83,0.38528,0.44,0.30274,0.83866,0.73289,0.44619,0.54016,0.21206,0.5919,0.63732,0.68256,0.2882,2.62584,1.13057,1.83752,2.91526,0.000450203,0.000450203,0.000450203
278,1615.59,0.38526,0.45653,0.31001,0.84458,0.50624,0.56818,0.49766,0.18589,0.59133,0.64464,0.70484,0.26431,2.61433,1.13132,1.80934,2.99425,0.000448816,0.000448816,0.000448816
279,1621.33,0.39274,0.48082,0.30886,0.86377,0.59969,0.56623,0.5052,0.18344,0.68281,0.63395,0.71839,0.29264,2.6078,1.10932,1.88618,3.02624,0.000447429,0.000447429,0.000447429
280,1627.11,0.38989,0.45738,0.31385,0.85543,0.46883,0.58646,0.56702,0.19561,0.57228,0.70175,0.74271,0.31309,2.62227,1.13704,1.82371,3.05448,0.000446042,0.000446042,0.000446042
281,1632.86,0.38171,0.49309,0.30413,0.84341,0.45642,0.5897,0.58413,0.22663,0.56419,0.7008,0.71014,0.3331,2.64033,1.1638,1.86612,3.04499,0.000444655,0.000444655,0.000444655
282,1638.65,0.36866,0.47734,0.30925,0.84679,0.566,0.50294,0.54075,0.23784,0.74886,0.58739,0.66499,0.30736,2.56276,1.15478,2.02168,2.98702,0.000443268,0.000443268,0.000443268
283,1644.41,0.37646,0.4483,0.29026,0.84267,0.50993,0.47529,0.51757,0.19548,0.74585,0.56065,0.65438,0.29876,2.5606,1.14658,1.93716,2.89722,0.000441882,0.000441882,0.000441882
284,1650.2,0.36828,0.45684,0.29516,0.84378,0.50423,0.5,0.51745,0.22478,0.68056,0.67705,0.71914,0.31416,2.66988,1.12251,1.80482,3.07187,0.000440495,0.000440495,0.000440495
285,1655.91,0.37579,0.44643,0.30723,0.84725,0.44048,0.58742,0.50484,0.26296,0.5764,0.74613,0.67315,0.31206,2.75295,1.11526,2.01739,3.20504,0.000439108,0.000439108,0.000439108
286,1661.71,0.37565,0.44594,0.29035,0.8437,0.5867,0.61295,0.58481,0.26067,0.632,0.68833,0.703,0.31792,2.60262,1.13394,1.98738,3.05504,0.000437721,0.000437721,0.000437721
287,1667.49,0.37522,0.46974,0.30207,0.84104,0.49735,0.66296,0.55246,0.24194,0.5423,0.72113,0.66103,0.29043,2.49692,1.16904,1.98359,3.0108,0.000436334,0.000436334,0.000436334
288,1673.28,0.39867,0.4787,0.32503,0.85523,0.50019,0.58899,0.53634,0.24777,0.62259,0.69559,0.67078,0.29085,2.49912,1.21196,2.03812,3.02349,0.000434947,0.000434947,0.000434947
289,1679.06,0.37707,0.45942,0.2986,0.84899,0.49728,0.54545,0.52637,0.25586,0.6071,0.63636,0.66149,0.28458,2.43896,1.1964,2.0024,2.97091,0.00043356,0.00043356,0.00043356
290,1684.87,0.39653,0.47475,0.31381,0.84817,0.55232,0.51323,0.53667,0.26232,0.70793,0.64513,0.70918,0.30432,2.57195,1.18754,2.16441,3.09323,0.000432173,0.000432173,0.000432173
291,1690.62,0.37317,0.47003,0.29036,0.84815,0.5486,0.375,0.46633,0.23434,0.55318,0.59632,0.6101,0.2685,2.59164,1.15705,2.21301,3.16614,0.000430786,0.000430786,0.000430786
292,1696.45,0.37725,0.45255,0.30136,0.84183,0.44542,0.51743,0.43013,0.21971,0.57061,0.60618,0.57996,0.26291,2.63271,1.11943,2.34545,3.2675,0.000429399,0.000429399,0.000429399
293,1702.23,0.37491,0.46862,0.28976,0.84451,0.41842,0.43072,0.34815,0.14183,0.57183,0.66939,0.57956,0.21322,2.72854,1.0999,2.67917,3.36387,0.000428012,0.000428012,0.000428012
294,1707.99,0.37892,0.44638,0.29515,0.86452,0.3752,0.36364,0.35744,0.15327,0.55253,0.60403,0.59763,0.23074,2.80474,1.07274,2.9514,3.39901,0.000426625,0.000426625,0.000426625
295,1713.78,0.39994,0.46705,0.31672,0.85501,0.46603,0.38065,0.3909,0.144,0.80526,0.57736,0.69811,0.23864,2.7937,1.0667,3.27307,3.34023,0.000425238,0.000425238,0.000425238
296,1719.58,0.38146,0.47835,0.29991,0.8446,0.47625,0.28798,0.37738,0.1678,0.78865,0.4045,0.60414,0.23258,2.67044,1.07001,3.05946,3.23362,0.000423851,0.000423851,0.000423851
297,1725.39,0.3876,0.47848,0.30061,0.85493,0.61036,0.32955,0.41429,0.17822,0.692,0.45132,0.58509,0.24106,2.52106,1.08826,2.78525,2.98913,0.000422464,0.000422464,0.000422464
298,1731.17,0.37888,0.48593,0.29506,0.84754,0.52616,0.39773,0.42134,0.18728,0.69065,0.50257,0.5597,0.2385,2.40388,1.1165,2.41742,2.84733,0.000421077,0.000421077,0.000421077
299,1736.96,0.39269,0.48906,0.3067,0.85312,0.51574,0.41617,0.44198,0.20467,0.64016,0.52981,0.6197,0.27046,2.35904,1.13178,2.28084,2.76564,0.00041969,0.00041969,0.00041969
300,1742.75,0.37069,0.45607,0.29997,0.85111,0.48163,0.59164,0.46448,0.17592,0.60784,0.62226,0.60921,0.2434,2.3603,1.18697,2.12215,2.76732,0.000418303,0.000418303,0.000418303
301,1748.55,0.36348,0.46738,0.29001,0.83885,0.4884,0.65241,0.51595,0.19804,0.56457,0.61631,0.66296,0.26211,2.3924,1.23537,1.94815,2.84203,0.000416916,0.000416916,0.000416916
302,1754.36,0.37527,0.47246,0.2885,0.84769,0.57437,0.69316,0.52907,0.19307,0.70708,0.7564,0.685,0.27331,2.44792,1.23882,1.97674,2.86105,0.00041553,0.00041553,0.00041553
303,1760.13,0.36716,0.45475,0.29033,0.85206,0.56379,0.63385,0.51644,0.20481,0.65041,0.72476,0.64751,0.2498,2.52355,1.20134,2.02092,3.00324,0.000414143,0.000414143,0.000414143
304,1765.96,0.36047,0.45397,0.29212,0.84506,0.40537,0.63834,0.42706,0.17966,0.44516,0.708,0.54601,0.23068,2.54063,1.16209,2.19443,3.09559,0.000412756,0.000412756,0.000412756
305,1771.78,0.34888,0.4388,0.28471,0.83391,0.44201,0.60042,0.4281,0.18036,0.51681,0.68947,0.54754,0.22843,2.57511,1.1804,2.23019,3.03853,0.000411369,0.000411369,0.000411369
306,1777.54,0.37784,0.47459,0.29387,0.84236,0.41273,0.60935,0.43542,0.18001,0.49572,0.69983,0.53268,0.22704,2.55413,1.20225,2.26532,2.95784,0.000409982,0.000409982,0.000409982
307,1783.32,0.37791,0.45735,0.29348,0.84308,0.52583,0.42764,0.44226,0.1865,0.66597,0.51785,0.5541,0.22395,2.53759,1.18281,2.34143,2.8985,0.000408595,0.000408595,0.000408595
308,1789.09,0.34841,0.42611,0.28018,0.83736,0.31747,0.42893,0.37548,0.15855,0.46016,0.58596,0.48532,0.19461,2.602,1.17033,2.51814,2.93531,0.000407208,0.000407208,0.000407208
309,1794.88,0.34832,0.45072,0.27996,0.83769,0.321,0.39773,0.36266,0.14765,0.54873,0.48905,0.49407,0.20413,2.62583,1.1577,2.72507,2.9972,0.000405821,0.000405821,0.000405821
310,1800.61,0.38483,0.4697,0.3069,0.84608,0.42858,0.39118,0.38077,0.1655,0.54167,0.51536,0.49917,0.20307,2.5353,1.14941,2.621,3.05659,0.000404434,0.000404434,0.000404434
311,1806.42,0.36241,0.44776,0.2902,0.84135,0.47034,0.54996,0.475,0.16776,0.55565,0.61612,0.56977,0.23276,2.54236,1.12069,2.41146,3.09446,0.000403047,0.000403047,0.000403047
312,1812.22,0.38139,0.45812,0.29549,0.86313,0.60302,0.45268,0.57043,0.18584,0.72186,0.51517,0.6689,0.25714,2.64576,1.15485,2.11374,3.00421,0.00040166,0.00040166,0.00040166
313,1818.04,0.3446,0.43573,0.2922,0.83577,0.65984,0.41086,0.5581,0.17293,0.74711,0.4884,0.63896,0.2513,2.63104,1.1471,2.03799,2.92602,0.000400273,0.000400273,0.000400273
314,1823.86,0.36425,0.46087,0.28435,0.83928,0.59769,0.65928,0.61412,0.20248,0.67721,0.72469,0.71223,0.28672,2.57413,1.13247,1.99652,2.88613,0.000398886,0.000398886,0.000398886
315,1829.65,0.38353,0.45907,0.28894,0.85097,0.75493,0.6126,0.66003,0.22843,0.86393,0.72673,0.79508,0.32206,2.54036,1.09668,1.95043,2.85452,0.000397499,0.000397499,0.000397499
316,1835.44,0.36159,0.43723,0.28293,0.83902,0.78059,0.64747,0.66882,0.25168,0.85985,0.71236,0.80577,0.29338,2.41199,1.07719,1.89362,2.74163,0.000396112,0.000396112,0.000396112
317,1841.21,0.37126,0.4696,0.29346,0.84344,0.75311,0.62335,0.6824,0.27042,0.8446,0.70267,0.81112,0.31102,2.36876,1.06692,1.82529,2.69409,0.000394725,0.000394725,0.000394725
318,1847.02,0.35996,0.43139,0.28291,0.85048,0.76122,0.6251,0.6973,0.27939,0.84763,0.69904,0.81709,0.33971,2.42655,1.05408,1.73318,2.75337,0.000393338,0.000393338,0.000393338
319,1852.8,0.36283,0.46086,0.28793,0.83816,0.76575,0.62807,0.69401,0.25957,0.87375,0.71898,0.84554,0.3252,2.52136,1.07099,1.70786,2.93413,0.000391951,0.000391951,0.000391951
320,1858.6,0.35221,0.42281,0.28143,0.84029,0.6521,0.58222,0.68156,0.27271,0.76899,0.67308,0.82437,0.33957,2.64142,1.10985,1.94389,3.16718,0.000390565,0.000390565,0.000390565
321,1864.42,0.34429,0.44083,0.27824,0.84684,0.5795,0.58819,0.48952,0.21136,0.7214,0.70182,0.72585,0.28546,2.6401,1.1128,1.99926,3.2223,0.000389178,0.000389178,0.000389178
322,1870.21,0.33035,0.43916,0.28853,0.82668,0.47446,0.53418,0.42614,0.1772,0.69333,0.62855,0.66346,0.25948,2.58986,1.09005,2.42879,3.09335,0.000387791,0.000387791,0.000387791
323,1876.01,0.35099,0.44714,0.27666,0.848,0.40266,0.45992,0.38403,0.17853,0.61647,0.63393,0.58384,0.24262,2.50596,1.06305,2.78827,2.95583,0.000386404,0.000386404,0.000386404
324,1881.78,0.36243,0.45949,0.2835,0.84304,0.61463,0.44267,0.5182,0.24586,0.82064,0.57831,0.6998,0.30866,2.39065,1.06902,2.66914,2.77897,0.000385017,0.000385017,0.000385017
325,1887.56,0.36738,0.4641,0.30165,0.83548,0.56364,0.52273,0.55265,0.25005,0.7009,0.5637,0.6788,0.27691,2.34068,1.08729,2.56127,2.64161,0.00038363,0.00038363,0.00038363
326,1893.36,0.36771,0.4301,0.29081,0.85568,0.62561,0.5249,0.57155,0.21445,0.65672,0.69568,0.70854,0.26164,2.35491,1.11234,2.59134,2.58134,0.000382243,0.000382243,0.000382243
327,1899.15,0.33726,0.41372,0.25271,0.83065,0.54917,0.54078,0.54318,0.21325,0.63878,0.67627,0.69639,0.27424,2.36572,1.13849,2.51823,2.6425,0.000380856,0.000380856,0.000380856
328,1904.93,0.34487,0.44284,0.27303,0.83912,0.50689,0.56145,0.57399,0.21079,0.68197,0.65257,0.74001,0.28029,2.4639,1.13452,2.56764,2.83882,0.000379469,0.000379469,0.000379469
329,1910.73,0.34574,0.45746,0.28941,0.83797,0.54259,0.59091,0.60894,0.20968,0.64525,0.73969,0.76389,0.28268,2.60522,1.15365,2.37866,3.07937,0.000378082,0.000378082,0.000378082
330,1916.5,0.34432,0.42114,0.27261,0.83118,0.75285,0.47109,0.59019,0.21927,0.86938,0.57382,0.74638,0.30593,2.61055,1.13359,2.38883,3.16738,0.000376695,0.000376695,0.000376695
331,1922.31,0.34557,0.43497,0.26752,0.83998,0.70098,0.52909,0.64994,0.21883,0.74652,0.61153,0.74681,0.27848,2.6016,1.1314,2.25252,3.21763,0.000375308,0.000375308,0.000375308
332,1928.09,0.37333,0.45729,0.28659,0.84581,0.72752,0.54103,0.60222,0.21767,0.82844,0.63615,0.74691,0.27965,2.64216,1.13341,2.20781,3.22875,0.000373921,0.000373921,0.000373921
333,1933.87,0.36485,0.45473,0.28161,0.85055,0.73205,0.53694,0.58965,0.20797,0.83447,0.63144,0.74544,0.27268,2.69917,1.11733,2.30476,3.17272,0.000372534,0.000372534,0.000372534
334,1939.69,0.3619,0.44686,0.27115,0.83509,0.53187,0.57786,0.53776,0.19245,0.80596,0.64918,0.71978,0.26381,2.64677,1.10098,2.37662,3.06874,0.000371147,0.000371147,0.000371147
335,1945.49,0.34476,0.4289,0.26579,0.8247,0.57287,0.57091,0.54416,0.20529,0.83921,0.63086,0.71097,0.26273,2.70117,1.12548,2.17827,3.10924,0.00036976,0.00036976,0.00036976
336,1951.33,0.35019,0.44281,0.28131,0.83845,0.61059,0.62549,0.57185,0.20633,0.77098,0.64487,0.70911,0.27286,2.73535,1.13836,2.06843,3.06642,0.000368373,0.000368373,0.000368373
337,1957.14,0.34935,0.42411,0.28859,0.84736,0.60192,0.62215,0.54207,0.2024,0.74237,0.63814,0.69535,0.26933,2.72084,1.15666,2.08736,3.01709,0.000366986,0.000366986,0.000366986
338,1962.93,0.33699,0.4257,0.27115,0.82969,0.5805,0.61753,0.52511,0.2088,0.75014,0.64226,0.70169,0.2787,2.6443,1.1487,2.20555,2.91549,0.0003656,0.0003656,0.0003656
339,1968.71,0.34403,0.44947,0.27569,0.84321,0.55119,0.56041,0.50316,0.21483,0.76004,0.64508,0.71708,0.2767,2.56243,1.13865,2.34739,2.86182,0.000364213,0.000364213,0.000364213
340,1974.54,0.32831,0.43762,0.25304,0.83739,0.49933,0.58369,0.51702,0.21748,0.71885,0.61625,0.69563,0.28132,2.36928,1.16352,2.40253,2.70398,0.000362826,0.000362826,0.000362826
341,1980.38,0.34108,0.42382,0.27099,0.83166,0.50439,0.59712,0.49921,0.20415,0.73402,0.54545,0.69379,0.26471,2.41021,1.20196,2.38479,2.7415,0.000361439,0.000361439,0.000361439
342,1986.1,0.32959,0.42624,0.27052,0.82786,0.6815,0.46625,0.56693,0.22047,0.81228,0.54629,0.69965,0.2765,2.39348,1.19516,2.46409,2.67009,0.000360052,0.000360052,0.000360052
343,1991.86,0.31714,0.40951,0.25074,0.82214,0.45842,0.52684,0.4947,0.20811,0.56853,0.59291,0.60739,0.25393,2.44038,1.19455,2.38774,2.71996,0.000358665,0.000358665,0.000358665
344,1997.68,0.32584,0.41865,0.26052,0.82914,0.42282,0.56588,0.43447,0.18466,0.53364,0.68182,0.63459,0.24094,2.46484,1.22703,2.29504,2.72688,0.000357278,0.000357278,0.000357278
345,2003.49,0.34272,0.4594,0.26797,0.84524,0.43294,0.59091,0.48709,0.21253,0.54252,0.70455,0.61899,0.25079,2.48404,1.19882,2.16366,2.77297,0.000355891,0.000355891,0.000355891
346,2009.33,0.34194,0.42277,0.2665,0.82962,0.5929,0.39513,0.44021,0.17172,0.52282,0.63636,0.63,0.23327,2.48714,1.15578,2.02834,2.83505,0.000354504,0.000354504,0.000354504
347,2015.1,0.3445,0.44963,0.26804,0.84134,0.44965,0.52273,0.46662,0.21359,0.61098,0.67859,0.63556,0.27025,2.62957,1.17296,2.15312,2.92857,0.000353117,0.000353117,0.000353117
348,2020.88,0.32969,0.42772,0.26436,0.83999,0.28974,0.65909,0.33369,0.14375,0.44985,0.59873,0.5265,0.20204,2.9165,1.1688,2.87533,3.18481,0.00035173,0.00035173,0.00035173
349,2026.72,0.3187,0.42737,0.26235,0.83015,0.31602,0.50698,0.35759,0.14173,0.42012,0.63256,0.52544,0.20281,2.99,1.15004,3.20096,3.1409,0.000350343,0.000350343,0.000350343
350,2032.52,0.3406,0.43402,0.26761,0.83552,0.26813,0.65909,0.36857,0.15284,0.4845,0.47435,0.56699,0.205,3.04363,1.14798,3.35723,3.27544,0.000348956,0.000348956,0.000348956
351,2038.35,0.30932,0.41797,0.2596,0.83058,0.24129,0.59091,0.29721,0.11961,0.46089,0.6485,0.54058,0.19364,3.01007,1.16531,3.23716,3.25492,0.000347569,0.000347569,0.000347569
352,2044.19,0.33838,0.43129,0.28319,0.83558,0.37073,0.47727,0.33571,0.13398,0.51789,0.61364,0.56899,0.2134,2.88879,1.1993,2.82315,3.08693,0.000346182,0.000346182,0.000346182
353,2050,0.33109,0.44306,0.27685,0.83385,0.61625,0.47452,0.46199,0.17755,0.65023,0.58349,0.62746,0.24158,2.54031,1.22068,2.34188,2.809,0.000344795,0.000344795,0.000344795
354,2055.8,0.3472,0.44557,0.28132,0.84102,0.58141,0.57562,0.5122,0.18781,0.68666,0.65625,0.68695,0.24899,2.47467,1.22028,2.19936,2.79556,0.000343408,0.000343408,0.000343408
355,2061.6,0.34206,0.43446,0.26953,0.8398,0.59531,0.51403,0.48638,0.18382,0.67969,0.57651,0.6252,0.23385,2.4853,1.20645,2.26731,2.78863,0.000342021,0.000342021,0.000342021
356,2067.46,0.32412,0.40779,0.25444,0.82385,0.35329,0.40025,0.36002,0.15356,0.43939,0.48231,0.42901,0.17548,2.49014,1.23706,2.52746,2.86291,0.000340635,0.000340635,0.000340635
357,2073.26,0.35223,0.4486,0.27258,0.84823,0.33741,0.31818,0.36932,0.15208,0.43429,0.38636,0.46176,0.16816,2.51764,1.23428,2.61753,2.89294,0.000339248,0.000339248,0.000339248
